<application>
  <component name="CodeInsightSettings">
    <option name="completionCaseSensitive" value="2" />
    <option name="PARAMETER_INFO_DELAY" value="50" />
    <option name="JAVADOC_INFO_DELAY" value="5000" />
    <option name="COMPLETION_CASE_SENSITIVE" value="2" />
    <option name="AUTOCOMPLETE_ON_CODE_COMPLETION" value="false" />
  </component>
  <component name="DaemonCodeAnalyzerSettings">
    <option name="AUTOREPARSE_DELAY" value="1000" />
  </component>
  <component name="DefaultFont">
    <option name="FONT_SIZE" value="20" />
    <option name="FONT_FAMILY" value="Courier New" />
    <option name="SECONDARY_FONT_FAMILY" value="Monospaced" />
  </component>
  <component name="EditorSettings">
    <option name="USE_SOFT_WRAPS" value="" />
    <option name="SOFT_WRAP_FILE_MASKS" value="*.md; *.txt; *.rst; *.adoc" />
    <option name="TOOLTIPS_DELAY_MS" value="300" />
    <option name="IS_WHITESPACES_SHOWN" value="true" />
  </component>
</application>