<application>
  <component name="UISettings">
    <option name="CONSOLE_COMMAND_HISTORY_LIMIT" value="500" />
    <option name="CONSOLE_CYCLE_BUFFER_SIZE_KB" value="4096" />
    <option name="EDITOR_TAB_LIMIT" value="100" />
    <option name="EDITOR_TAB_PLACEMENT" value="4" />
    <option name="IDE_AA_TYPE" value="Greyscale" />
    <option name="MARK_MODIFIED_TABS_WITH_ASTERISK" value="true" />
    <option name="OVERRIDE_CONSOLE_CYCLE_BUFFER_SIZE" value="true" />
    <option name="RECENT_LOCATIONS_LIMIT" value="200" />
    <option name="SHOW_MAIN_TOOLBAR" value="true" />
    <option name="SORT_TABS_ALPHABETICALLY" value="true" />
    <option name="USE_SMALL_LABELS_ON_TABS" value="false" />
  </component>
</application>